label,category,textile_thickness,pattern_complexity,length_ratio,brightness,color_black,color_blue,color_green,color_red,color_white,season_autumn,season_spring,season_summer,season_winter
0,t-shirt,0.5993428306022466,0.4585207096486446,0.7619221345251731,0.459791747204774,0,0,0,1,0,0,1,0,0
1,jeans,0.7021030569613053,0.3591576842195144,0.7356400108964911,0.23357921579815177,0,1,0,0,0,0,0,0,1
0,t-shirt,0.1550164334973934,0.3313137412277082,0.34679221991639403,0.3891393866063828,0,0,1,0,0,0,0,1,0
3,dress,0.07207586878475208,0.5202584614063771,0.24381295344663578,0.17727037947274454,0,0,0,1,0,0,0,1,0
0,t-shirt,0.379872262016239,0.41249187506201695,0.4495733469426507,0.5988720154780216,0,1,0,0,0,0,0,0,1
